Gene_ID,Control_1,Control_2,Control_3,Control_4,Control_5,Control_6,Case_1,Case_2,Case_3,Case_4,Case_5,Case_6
Actb,30,49,99,137,83,111,301,360,259,311,138,252
Gapdh,65,293,168,98,106,197,954,1120,589,791,1010,930
Bdnf,142,179,205,302,238,338,904,963,639,377,957,791
Camk2a,104,126,187,81,53,88,224,472,609,521,255,322
Camk2b,122,127,76,89,118,52,417,381,512,442,604,275
Creb1,200,70,113,147,147,260,247,514,412,687,512,225
Grin1,269,277,74,231,252,143,1124,711,717,1227,452,689
Grin2a,176,301,267,249,235,207,600,528,850,374,1307,639
Grin2b,347,202,212,214,339,290,1013,1081,353,595,1319,1660
Dlg4,100,168,76,158,60,83,641,251,281,544,357,358
Syn1,25,27,23,58,30,41,128,80,50,86,151,92
Syp,147,130,135,264,244,433,1066,1035,1023,1023,967,1180
Mapk1,217,157,69,205,231,202,42,48,78,64,37,54
Mapk3,146,282,187,514,181,331,39,101,85,35,52,74
Akt1,262,144,203,129,192,200,24,49,22,28,46,46
Akt2,99,52,61,82,92,125,16,38,32,26,32,18
Pik3ca,431,161,77,156,230,255,55,34,59,62,51,49
Pik3r1,74,145,64,98,103,101,29,23,28,31,27,13
Ntrk2,264,180,172,192,164,129,32,90,31,83,63,20
Egr1,317,198,134,209,213,160,47,50,40,36,58,54
Fos,213,106,173,118,192,148,45,23,83,43,57,42
Jun,202,293,155,372,175,310,74,93,85,81,99,49
Arc,103,71,87,50,36,113,7,13,21,15,29,9
Npas4,48,80,184,111,239,119,22,10,10,26,19,60
Nr4a1,384,636,309,432,439,390,456,190,401,356,210,600
Gsk3b,113,131,90,150,111,73,132,123,100,145,72,222
Mtor,173,254,124,124,132,106,87,99,210,240,82,166
Rps6kb1,103,145,73,100,94,88,122,148,159,71,96,97
Foxo1,52,75,71,42,72,122,121,94,89,116,42,54
Foxo3,160,56,128,245,169,118,108,109,74,158,147,125
Il6,62,42,155,44,78,115,124,84,171,103,27,142
Tnf,160,95,97,134,110,129,91,123,63,112,109,114
Il1b,41,76,46,52,18,29,44,55,49,67,44,30
Nfkb1,169,116,87,150,130,147,223,206,193,150,71,90
Rela,102,271,115,168,156,129,132,97,175,150,91,132
Stat3,72,180,175,90,113,97,118,90,129,147,134,143
Jak2,248,169,287,128,258,135,134,279,102,196,153,213
Socs3,192,212,197,465,146,284,470,129,460,316,523,197
Cxcl10,80,151,108,100,89,79,89,42,64,94,169,85
Ccl2,195,73,169,304,250,130,228,136,188,124,179,142
Bax,64,100,73,87,122,100,40,84,173,127,109,41
Bcl2,208,227,191,222,219,203,374,465,247,119,257,343
Casp3,59,61,25,57,64,73,96,73,74,112,97,25
Casp8,55,138,64,70,56,113,69,73,52,51,101,55
Casp9,78,120,162,186,188,263,110,166,139,169,185,144
Trp53,174,198,284,227,241,122,250,299,190,176,241,321
Mdm2,114,115,116,91,133,202,259,163,139,175,175,145
Cdkn1a,121,138,178,296,185,119,228,287,326,136,264,109
Atg5,104,141,105,83,45,120,78,144,86,157,95,149
Becn1,200,235,266,195,123,133,165,306,193,161,191,192
Vegfa,91,73,62,53,75,35,50,129,99,163,154,94
Hif1a,117,55,47,144,162,199,132,158,130,108,141,173
Egfr,114,129,187,141,76,48,79,106,82,124,59,69
Grb2,72,150,128,190,101,50,154,130,174,75,70,189
Sos1,273,153,146,189,185,192,276,159,88,272,191,112
Raf1,373,422,273,119,185,264,231,248,232,187,152,242
Map2k1,116,117,67,121,73,53,153,78,107,97,78,77
Map2k2,109,63,118,60,93,112,112,132,112,152,77,72
Mapk14,76,61,156,138,150,143,197,98,93,62,63,68
Mapk8,87,95,125,68,177,120,34,67,173,139,103,93
Prkca,225,184,131,218,169,106,203,217,233,243,311,250
Prkcb,111,86,123,178,93,103,63,135,189,91,78,94
Prkcg,118,97,120,220,161,122,125,121,178,199,246,207
Calm1,137,190,186,93,106,107,92,176,168,126,198,164
Calm2,107,365,167,139,96,106,225,139,139,183,113,264
Calm3,29,199,75,79,54,87,71,128,65,73,126,127
Camk4,309,147,351,154,265,254,266,181,297,225,121,152
Ppp3ca,238,108,478,447,225,359,401,245,149,171,428,110
Ppp3cb,128,129,120,64,148,103,74,111,140,127,114,42
Ppp1ca,286,211,214,281,186,163,303,210,401,329,336,412
Slc17a7,108,161,100,60,81,107,45,131,114,63,91,106
Slc32a1,272,125,331,308,181,115,217,162,127,176,165,199
Gad1,82,108,82,90,62,101,31,103,134,64,105,110
Gad2,278,334,203,183,115,129,193,212,135,178,215,448
Slc6a1,163,426,128,278,369,277,475,106,203,315,297,80
Slc1a2,78,129,148,142,77,110,79,133,134,153,123,117
Slc1a3,132,96,41,57,58,105,139,144,84,104,163,90
Gria1,198,89,107,187,92,128,227,212,107,77,185,168
Gria2,94,58,55,31,85,91,129,89,121,118,126,80
Gria3,164,156,183,152,149,170,71,182,285,200,208,74
Grm1,99,318,117,128,127,184,117,56,126,124,163,73
Grm5,133,152,65,156,175,92,90,77,55,140,54,80
Drd1,182,79,134,137,154,106,97,179,125,71,147,131
Drd2,167,153,316,201,219,126,250,157,88,234,175,230
Adora2a,213,283,102,101,190,225,174,141,129,140,143,137
Chrm1,200,181,171,174,117,204,179,146,124,186,120,160
Chrna7,183,34,57,108,71,76,83,117,85,114,68,71
Htr1a,55,133,84,51,60,60,117,167,93,86,114,144
Htr2a,214,178,255,111,182,260,245,307,333,171,208,296
Oprm1,348,138,319,347,227,270,462,348,428,162,363,315
Sod1,398,170,198,525,126,267,586,271,311,536,224,299
Sod2,129,178,90,126,66,179,97,180,115,148,208,78
Cat,54,88,67,101,87,77,126,96,46,154,75,55
Gpx1,82,130,38,27,65,26,99,60,71,84,41,76
Nfe2l2,107,72,113,104,32,118,169,105,74,114,68,72
Keap1,294,335,182,192,380,305,405,285,125,345,55,194
Nos1,132,163,256,210,293,147,126,109,93,51,292,145
Nos2,65,71,48,92,52,73,59,40,96,92,11,56
Ptgs2,75,150,104,180,68,61,75,132,150,49,184,132
Hmox1,86,61,70,45,103,93,69,40,83,67,84,70
