"category","subcategory","ID","Description","GeneRatio","BgRatio","RichFactor","FoldEnrichment","zScore","pvalue","p.adjust","qvalue","geneID","Count"
"Environmental Information Processing","Signal transduction","mmu04024","cAMP signaling pathway","15/21","224/11212",0.0669642857142857,35.7525510204082,22.7587680246866,9.83863467128882e-22,1.79063151017457e-19,2.27842066071952e-20,"14281/14810/18706/11651/26417/26413/16476/14812/18708/12064/14811/11652/12323/12912/12322",15
"Organismal Systems","Nervous system","mmu04722","Neurotrophin signaling pathway","11/21","121/11212",0.0909090909090909,48.5367965367965,22.7737537281464,4.68843131116681e-17,4.2664724931618e-15,5.42870993924578e-16,"18706/11651/26417/26413/16476/18212/18708/12064/11652/12323/12322",11
"Human Diseases","Substance dependence","mmu05031","Amphetamine addiction","9/21","69/11212",0.130434782608696,69.639751552795,24.774024273005,2.04379611746227e-15,1.15478730480839e-13,1.46936499165903e-14,"14281/14810/16476/14812/14811/12323/12912/11838/12322",9
"Organismal Systems","Nervous system","mmu04725","Cholinergic synapse","10/21","114/11212",0.087719298245614,46.8337510442774,21.3065357287435,2.53799407650196e-15,1.15478730480839e-13,1.46936499165903e-14,"14281/18706/11651/26417/26413/18708/11652/12323/12912/12322",10
"Environmental Information Processing","Signal transduction","mmu04012","ErbB signaling pathway","9/21","84/11212",0.107142857142857,57.2040816326531,22.3973334715757,1.3084718659308e-14,4.7628375919881e-13,6.06029074746895e-14,"18706/11651/26417/26413/16476/18708/11652/12323/12322",9
"Organismal Systems","Environmental adaptation","mmu04713","Circadian entrainment","9/21","100/11212",0.09,48.0514285714286,20.4726505461178,6.65697562259159e-14,2.01928260551945e-12,2.56935901222833e-13,"14281/14810/26417/26413/14812/14811/12323/12912/12322",9
"Environmental Information Processing","Signal transduction","mmu04014","Ras signaling pathway","11/21","237/11212",0.0464135021097046,24.780389793048,16.0283291882622,8.74799137261183e-14,2.27447775687908e-12,2.8940723337964e-13,"14810/18706/11651/26417/26413/18212/14812/18708/12064/14811/11652",11
"Environmental Information Processing","Signal transduction","mmu04066","HIF-1 signaling pathway","9/21","117/11212",0.0769230769230769,41.0695970695971,18.8730299311646,2.84291707712188e-13,6.21765265291544e-12,7.9114145959595e-13,"18706/11651/26417/14433/26413/18708/11652/12323/12322",9
"Environmental Information Processing","Signal transduction","mmu04668","TNF signaling pathway","9/21","118/11212",0.076271186440678,40.7215496368039,18.7897274993158,3.07466339979335e-13,6.21765265291544e-12,7.9114145959595e-13,"14281/18706/11651/26417/26413/16476/18708/11652/12912",9
"Human Diseases","Cancer: specific types","mmu05214","Glioma","8/21","75/11212",0.106666666666667,56.9498412698413,21.059243025573,5.18480849035351e-13,9.43635145244338e-12,1.20069249250292e-12,"18706/11651/26417/26413/18708/11652/12323/12322",8
"Organismal Systems","Endocrine system","mmu04926","Relaxin signaling pathway","9/21","131/11212",0.0687022900763359,36.680479825518,17.7940264683335,8.02771491113368e-13,1.24073388841147e-11,1.57872443869591e-12,"14281/18706/11651/26417/26413/16476/18708/11652/12912",9
"Organismal Systems","Development and regeneration","mmu04380","Osteoclast differentiation","9/21","132/11212",0.0681818181818182,36.4025974025974,17.7235039961495,8.60673067845363e-13,1.24073388841147e-11,1.57872443869591e-12,"14281/18706/11651/26417/26413/16476/18708/11652/12912",9
"Organismal Systems","Immune system","mmu04662","B cell receptor signaling pathway","8/21","80/11212",0.1,53.3904761904762,20.3708014738806,8.86238491722479e-13,1.24073388841147e-11,1.57872443869591e-12,"14281/18706/11651/26417/26413/16476/18708/11652",8
"Organismal Systems","Endocrine system","mmu04915","Estrogen signaling pathway","9/21","134/11212",0.0671641791044776,35.8592750533049,17.5848005030278,9.87683431615764e-13,1.28398846110049e-11,1.63376206733435e-12,"14281/18706/11651/26417/26413/16476/18708/11652/12912",9
"Cellular Processes","Cell growth and death","mmu04210","Apoptosis","9/21","136/11212",0.0661764705882353,35.3319327731092,17.4491232348568,1.13102153007458e-12,1.28653699045983e-11,1.63700484616057e-12,"14281/18706/11651/26417/26413/16476/11461/18708/11652",9
"Human Diseases","Infectious disease: bacterial","mmu05135","Yersinia infection","9/21","136/11212",0.0661764705882353,35.3319327731092,17.4491232348568,1.13102153007458e-12,1.28653699045983e-11,1.63700484616057e-12,"14281/18706/11651/26417/26413/16476/11461/18708/11652",9
"Environmental Information Processing","Signal transduction","mmu04015","Rap1 signaling pathway","10/21","214/11212",0.0467289719626168,24.9488206497552,15.322567259669,1.52771507704364e-12,1.63555378836437e-11,2.08109793776842e-12,"14810/18706/11651/26417/26413/11461/14812/18708/14811/11652",10
"Human Diseases","Cardiovascular disease","mmu05417","Lipid and atherosclerosis","10/21","217/11212",0.0460829493087558,24.6039060785605,15.2094497984456,1.7563914140035e-12,1.68905144615982e-11,2.14916898875166e-12,"14281/18706/11651/26417/26413/16476/18708/11652/12323/12322",10
"Human Diseases","Substance dependence","mmu05030","Cocaine addiction","7/21","48/11212",0.145833333333333,77.8611111111111,23.1161092818561,1.85573236623151e-12,1.68905144615982e-11,2.14916898875166e-12,"14810/16476/14812/12064/14811/12912/13385",7
"Human Diseases","Cancer: specific types","mmu05210","Colorectal cancer","8/21","88/11212",0.0909090909090909,48.5367965367965,19.3926934951551,1.9489055147998e-12,1.68905144615982e-11,2.14916898875166e-12,"14281/18706/11651/26417/26413/16476/18708/11652",8
"Human Diseases","Cancer: overview","mmu05235","PD-L1 expression and PD-1 checkpoint pathway in cancer","8/21","88/11212",0.0909090909090909,48.5367965367965,19.3926934951551,1.9489055147998e-12,1.68905144615982e-11,2.14916898875166e-12,"14281/18706/11651/26417/26413/16476/18708/11652",8
"Human Diseases","Drug resistance: antineoplastic","mmu01522","Endocrine resistance","8/21","93/11212",0.0860215053763441,45.9272913466462,18.8458712946909,3.07190015839743e-12,2.54129922194697e-11,3.23357911410256e-12,"14281/18706/11651/26417/26413/16476/18708/11652",8
"Human Diseases","Cancer: overview","mmu05231","Choline metabolism in cancer","8/21","98/11212",0.0816326530612245,43.5840621963071,18.3409701849151,4.7221605467898e-12,3.73666617180758e-11,4.75457812491421e-12,"14281/18706/11651/26417/26413/16476/18708/11652",8
"Human Diseases","Endocrine and metabolic disease","mmu04933","AGE-RAGE signaling pathway in diabetic complications","8/21","101/11212",0.0792079207920792,42.2894860914663,18.0559758978542,6.0455025499175e-12,4.35386821503498e-11,5.53991328691554e-12,"18706/11651/26417/26413/16476/18708/11652/13653",8
"Human Diseases","Infectious disease: viral","mmu05166","Human T-cell leukemia virus 1 infection","10/21","246/11212",0.040650406504065,21.7034456058846,14.2227454779301,6.14974674511706e-12,4.35386821503498e-11,5.53991328691554e-12,"14281/18706/11651/26417/26413/16476/18708/11652/12912/13653",10
"Human Diseases","Infectious disease: viral","mmu05161","Hepatitis B","9/21","164/11212",0.0548780487804878,29.2996515679442,15.8146125155178,6.21981173576426e-12,4.35386821503498e-11,5.53991328691554e-12,"14281/18706/11651/26417/26413/16476/18708/11652/12912",9
"Human Diseases","Infectious disease: parasitic","mmu05142","Chagas disease","8/21","103/11212",0.0776699029126214,41.4683310217291,17.8728495063008,7.09767921959457e-12,4.78436154802301e-11,6.08767808308307e-12,"14281/18706/11651/26417/26413/16476/18708/11652",8
"Organismal Systems","Immune system","mmu04620","Toll-like receptor signaling pathway","8/21","104/11212",0.0769230769230769,41.0695970695971,17.7832480045169,7.68117108974629e-12,4.99276120833509e-11,6.35284826971497e-12,"14281/18706/11651/26417/26413/16476/18708/11652",8
"Organismal Systems","Endocrine system","mmu04935","Growth hormone synthesis, secretion and action","8/21","117/11212",0.0683760683760684,36.5063085063085,16.7236925797084,2.006294901571e-11,1.25912300719284e-10,1.60212297040153e-11,"14281/18706/11651/26417/26413/18708/11652/12912",8
"Organismal Systems","Nervous system","mmu04720","Long-term potentiation","7/21","67/11212",0.104477611940299,55.7810945273632,19.4816369567168,2.14662180024598e-11,1.30228389214923e-10,1.65704138966356e-11,"14810/26417/26413/14812/14811/12323/12322",7
"Organismal Systems","Immune system","mmu04660","T cell receptor signaling pathway","8/21","122/11212",0.0655737704918033,35.0101483216237,16.3613842401524,2.81822453185113e-11,1.65457053160292e-10,2.10529506623854e-11,"14281/18706/11651/26417/26413/16476/18708/11652",8
"Human Diseases","Cancer: specific types","mmu05211","Renal cell carcinoma","7/21","70/11212",0.1,53.3904761904762,19.0465869917165,2.94929992024978e-11,1.67741432964206e-10,2.13436178439129e-11,"18706/11651/26417/26413/16476/18708/11652",7
"Organismal Systems","Endocrine system","mmu04917","Prolactin signaling pathway","7/21","74/11212",0.0945945945945946,50.5045045045045,18.5077807839846,4.40802918066797e-11,2.38658767467919e-10,3.03672231595964e-11,"14281/18706/11651/26417/26413/18708/11652",7
"Human Diseases","Cancer: overview","mmu05205","Proteoglycans in cancer","9/21","204/11212",0.0441176470588235,23.5546218487395,14.0829552461162,4.45846049115893e-11,2.38658767467919e-10,3.03672231595964e-11,"18706/11651/26417/26413/11461/18708/11652/12323/12322",9
"Organismal Systems","Nervous system","mmu04728","Dopaminergic synapse","8/21","137/11212",0.0583941605839416,31.1769204031978,15.3943270648152,7.20177141972833e-11,3.74492113825873e-10,4.76508184162476e-11,"14281/11651/14812/14811/11652/12323/12912/12322",8
"Human Diseases","Infectious disease: viral","mmu05167","Kaposi sarcoma-associated herpesvirus infection","9/21","223/11212",0.0403587443946188,21.5477258167841,13.425624077101,9.90581599762938e-11,5.00794030991263e-10,6.37216233765632e-11,"14281/18706/11651/26417/26413/16476/18708/11652/12912",9
"Human Diseases","Cancer: specific types","mmu05224","Breast cancer","8/21","147/11212",0.054421768707483,29.0560414642047,14.8322394734459,1.2704313276937e-10,6.24914869297984e-10,7.95149052895063e-11,"14281/18706/11651/26417/26413/16476/18708/11652",8
"Human Diseases","Cancer: overview","mmu05207","Chemical carcinogenesis - receptor activation","9/21","231/11212",0.038961038961039,20.8014842300557,13.172862668882,1.35750395837382e-10,6.50172948484305e-10,8.27287730864934e-11,"14281/18706/11651/26417/26413/16476/18708/11652/12912",9
"Human Diseases","Infectious disease: bacterial","mmu05132","Salmonella infection","9/21","250/11212",0.036,19.2205714285714,12.6207299567897,2.74707420542096e-10,1.28196796252978e-09,1.63119116111366e-10,"14281/18706/11651/26417/14433/26413/16476/11461/11652",9
"Human Diseases","Neurodegenerative disease","mmu05010","Alzheimer disease","10/21","389/11212",0.025706940874036,13.725058146652,11.0651708183157,5.65039197646514e-10,2.57092834929164e-09,3.27127956532192e-10,"14810/18706/11651/26417/14433/26413/14812/18708/14811/11652",10
"Human Diseases","Neurodegenerative disease","mmu05020","Prion disease","9/21","273/11212",0.032967032967033,17.6012558869702,12.0290362000364,6.00413403427811e-10,2.66524974204541e-09,3.39129521833424e-10,"14810/18706/26417/26413/14812/18708/14811/12912/13653",9
"Human Diseases","Cancer: specific types","mmu05215","Prostate cancer","7/21","107/11212",0.0654205607476635,34.9283489096573,15.275404128142,6.15965504115643e-10,2.66918385116778e-09,3.39630102519903e-10,"18706/11651/26417/26413/18708/11652/12912",7
"Environmental Information Processing","Signal transduction","mmu04370","VEGF signaling pathway","6/21","58/11212",0.103448275862069,55.2315270935961,17.9369206251784,7.5085500402515e-10,3.1058093348313e-09,3.95186844223763e-10,"18706/11651/26417/26413/18708/11652",6
"Human Diseases","Cancer: specific types","mmu05213","Endometrial cancer","6/21","58/11212",0.103448275862069,55.2315270935961,17.9369206251784,7.5085500402515e-10,3.1058093348313e-09,3.95186844223763e-10,"18706/11651/26417/26413/18708/11652",6
"Organismal Systems","Immune system","mmu04625","C-type lectin receptor signaling pathway","7/21","112/11212",0.0625,33.3690476190476,14.9133365683655,8.51076490868515e-10,3.44213158529044e-09,4.37980884189645e-10,"18706/11651/26417/26413/16476/18708/11652",7
"Organismal Systems","Endocrine system","mmu04929","GnRH secretion","6/21","63/11212",0.0952380952380952,50.8480725623583,17.186920306819,1.25321641154871e-09,4.95837797612749e-09,6.30909863937564e-10,"18706/11651/26417/26413/18708/11652",6
"Organismal Systems","Endocrine system","mmu04919","Thyroid hormone signaling pathway","7/21","120/11212",0.0583333333333333,31.1444444444444,14.3810419347279,1.38524218074875e-09,5.36412929566538e-09,6.82538140570494e-10,"18706/11651/26417/26413/11461/18708/11652",7
"Cellular Processes","Cellular community - eukaryotes","mmu04510","Focal adhesion","8/21","202/11212",0.0396039603960396,21.1447430457331,12.5152962186889,1.60881241893479e-09,6.1000804217944e-09,7.76181430187836e-10,"18706/11651/26417/26413/16476/11461/18708/11652",8
"Organismal Systems","Immune system","mmu04664","Fc epsilon RI signaling pathway","6/21","66/11212",0.0909090909090909,48.5367965367965,16.7779824523987,1.67005847160506e-09,6.20307432310451e-09,7.89286495710232e-10,"18706/11651/26417/26413/18708/11652",6
"Organismal Systems","Immune system","mmu04611","Platelet activation","7/21","126/11212",0.0555555555555556,29.6613756613757,14.0149722642985,1.95313366115409e-09,7.1094065266009e-09,9.0460927463979e-10,"18706/11651/26417/26413/11461/18708/11652",7
"Human Diseases","Substance dependence","mmu05034","Alcoholism","8/21","208/11212",0.0384615384615385,20.5347985347985,12.3186378857762,2.02888009484358e-09,7.24031720120651e-09,9.21266503334547e-10,"14810/26417/26413/18212/14812/12064/14811/12912",8
"Human Diseases","Cancer: overview","mmu05230","Central carbon metabolism in cancer","6/21","69/11212",0.0869565217391304,46.4265010351967,16.3957067708504,2.19584539622898e-09,7.68545888680144e-09,9.77906856620195e-10,"18706/11651/26417/26413/18708/11652",6
"Human Diseases","Cancer: specific types","mmu05221","Acute myeloid leukemia","6/21","70/11212",0.0857142857142857,45.7632653061224,16.2737101985215,2.39894093345021e-09,8.23787263939507e-09,1.04819663427815e-09,"18706/11651/26417/26413/18708/11652",6
"Human Diseases","Cancer: specific types","mmu05218","Melanoma","6/21","72/11212",0.0833333333333333,44.4920634920635,16.0372921929657,2.85201947209897e-09,9.43759170767294e-09,1.20085030404167e-09,"18706/11651/26417/26413/18708/11652",6
"Human Diseases","Cancer: specific types","mmu05223","Non-small cell lung cancer","6/21","72/11212",0.0833333333333333,44.4920634920635,16.0372921929657,2.85201947209897e-09,9.43759170767294e-09,1.20085030404167e-09,"18706/11651/26417/26413/18708/11652",6
"Human Diseases","Cancer: specific types","mmu05212","Pancreatic cancer","6/21","76/11212",0.0789473684210526,42.1503759398496,15.5924143800959,3.97236831868728e-09,1.26837023508962e-08,1.61388925228292e-09,"18706/11651/26417/26413/18708/11652",6
"Human Diseases","Cancer: specific types","mmu05220","Chronic myeloid leukemia","6/21","76/11212",0.0789473684210526,42.1503759398496,15.5924143800959,3.97236831868728e-09,1.26837023508962e-08,1.61388925228292e-09,"18706/11651/26417/26413/18708/11652",6
"Human Diseases","Neurodegenerative disease","mmu05017","Spinocerebellar ataxia","7/21","141/11212",0.049645390070922,26.5059101654846,13.2024439514791,4.29982539723127e-09,1.33842726266696e-08,1.7030306407561e-09,"14810/18706/11651/14812/18708/14811/11652",7
"Human Diseases","Cancer: overview","mmu05208","Chemical carcinogenesis - reactive oxygen species","8/21","229/11212",0.0349344978165939,18.651694739031,11.6907139290098,4.33885760974453e-09,1.33842726266696e-08,1.7030306407561e-09,"14281/18706/11651/26417/26413/16476/18708/11652",8
"Human Diseases","Drug resistance: antineoplastic","mmu01521","EGFR tyrosine kinase inhibitor resistance","6/21","80/11212",0.075,40.0428571428571,15.1808944995771,5.43506189171528e-09,1.64863544048697e-08,2.09774318627607e-09,"18706/11651/26417/26413/18708/11652",6
"Human Diseases","Drug resistance: antineoplastic","mmu01524","Platinum drug resistance","6/21","81/11212",0.0740740740740741,39.5485008818342,15.0827414789232,5.86310515059493e-09,1.74931989739062e-08,2.22585527718876e-09,"18706/11651/26417/26413/18708/11652",6
"Human Diseases","Cardiovascular disease","mmu05418","Fluid shear stress and atherosclerosis","7/21","149/11212",0.0469798657718121,25.082774049217,12.8191894192976,6.32365735806825e-09,1.85629941801358e-08,2.36197728145164e-09,"14281/18706/11651/16476/11461/18708/11652",7
"Human Diseases","Infectious disease: viral","mmu05170","Human immunodeficiency virus 1 infection","8/21","245/11212",0.0326530612244898,17.4336248785228,11.2660030785361,7.38382109507902e-09,2.13310387191172e-08,2.71418653453197e-09,"14281/18706/11651/26417/26413/16476/18708/11652",8
"Organismal Systems","Endocrine system","mmu04921","Oxytocin signaling pathway","7/21","154/11212",0.0454545454545455,24.2683982683983,12.5946450395737,7.96084226927966e-09,2.2638645203264e-08,2.88056792638409e-09,"14281/26417/26413/16476/11461/12323/12322",7
"Environmental Information Processing","Signal transduction","mmu04151","PI3K-Akt signaling pathway","9/21","368/11212",0.0244565217391304,13.0574534161491,10.1878401786938,8.31730172143403e-09,2.32884448200153e-08,2.96324919630038e-09,"18706/11651/26417/26413/18212/18708/12064/11652/12912",9
"Organismal Systems","Circulatory system","mmu04261","Adrenergic signaling in cardiomyocytes","7/21","156/11212",0.0448717948717949,23.957264957265,12.5077964944989,8.70980658923544e-09,2.40179515036492e-08,3.05607248745103e-09,"11651/26417/26413/11652/12323/12912/12322",7
"Organismal Systems","Endocrine system","mmu04912","GnRH signaling pathway","6/21","90/11212",0.0666666666666667,35.5936507936508,14.2732733209255,1.11319737877554e-08,3.02390929756938e-08,3.84765786850933e-09,"26417/26413/16476/12323/13653/12322",6
"Organismal Systems","Endocrine system","mmu04914","Progesterone-mediated oocyte maturation","6/21","93/11212",0.0645161290322581,34.4454685099846,14.0295347446283,1.35814183420959e-08,3.6350266739139e-08,4.62525082857755e-09,"18706/11651/26417/26413/18708/11652",6
"Organismal Systems","Immune system","mmu04666","Fc gamma R-mediated phagosome formation","6/21","94/11212",0.0638297872340425,34.0790273556231,13.9508509560202,1.44907008941653e-08,3.82218487353346e-08,4.86339313000209e-09,"18706/11651/26417/26413/18708/11652",6
"Human Diseases","Infectious disease: viral","mmu05164","Influenza A","7/21","174/11212",0.0402298850574713,21.4789272030651,11.7932636374154,1.86019457889219e-08,4.76838610363913e-08,6.0673507391591e-09,"18706/11651/26417/26413/11461/18708/11652",7
"Human Diseases","Cancer: specific types","mmu05225","Hepatocellular carcinoma","7/21","174/11212",0.0402298850574713,21.4789272030651,11.7932636374154,1.86019457889219e-08,4.76838610363913e-08,6.0673507391591e-09,"18706/11651/26417/26413/11461/18708/11652",7
"Human Diseases","Infectious disease: bacterial","mmu05152","Tuberculosis","7/21","180/11212",0.0388888888888889,20.762962962963,11.5786668561781,2.35251261349507e-08,5.94662910633476e-08,7.56656103755725e-09,"11651/26417/26413/11652/12323/12912/12322",7
"Environmental Information Processing","Signal transduction","mmu04010","MAPK signaling pathway","8/21","300/11212",0.0266666666666667,14.2374603174603,10.0672417040717,3.59834301146026e-08,8.97121134364065e-08,1.14150751625271e-08,"14281/11651/26417/26413/16476/18212/12064/11652",8
"Organismal Systems","Nervous system","mmu04724","Glutamatergic synapse","6/21","117/11212",0.0512820512820513,27.3797313797314,12.4250178767959,5.420400505835e-08,1.33312552981347e-07,1.69628465331963e-08,"14810/26417/26413/14812/14811/13385",6
"Organismal Systems","Immune system","mmu04613","Neutrophil extracellular trap formation","7/21","209/11212",0.0334928229665072,17.8819776714514,10.6718148993908,6.59027674496197e-08,1.59924049011077e-07,2.03489246861984e-08,"18706/11651/26417/26413/11461/18708/11652",7
"Human Diseases","Cardiovascular disease","mmu05415","Diabetic cardiomyopathy","7/21","216/11212",0.0324074074074074,17.3024691358025,10.4799756225094,8.26288701741586e-08,1.9787439962759e-07,2.51777720752284e-08,"18706/11651/14433/18708/11652/12323/12322",7
"Human Diseases","Neurodegenerative disease","mmu05022","Pathways of neurodegeneration - multiple diseases","9/21","481/11212",0.0187110187110187,9.98990198990199,8.72980963628079,8.47246599792639e-08,2.00258287223715e-07,2.54811007456433e-08,"14810/26417/26413/14812/12064/14811/12323/13385/12322",9
"Environmental Information Processing","Signal transduction","mmu04071","Sphingolipid signaling pathway","6/21","131/11212",0.0458015267175573,24.453653217012,11.6964493797014,1.0657434419003e-07,2.48673469776736e-07,3.16415056974447e-08,"18706/11651/26417/26413/18708/11652",6
"Environmental Information Processing","Signal transduction","mmu04068","FoxO signaling pathway","6/21","133/11212",0.0451127819548872,24.0859291084855,11.6016637123922,1.16654118223811e-07,2.68747462237133e-07,3.41957441828626e-08,"18706/11651/26417/26413/18708/11652",6
"Cellular Processes","Cell motility","mmu04810","Regulation of actin cytoskeleton","7/21","234/11212",0.0299145299145299,15.97150997151,10.0255751137134,1.429261998227e-07,3.25157104596642e-07,4.13733736328868e-08,"18706/11651/26417/26413/11461/18708/11652",7
"Cellular Processes","Cellular community - eukaryotes","mmu04550","Signaling pathways regulating pluripotency of stem cells","6/21","140/11212",0.0428571428571429,22.8816326530612,11.2856889919348,1.58329138157376e-07,3.55751890674597e-07,4.52662903114004e-08,"18706/11651/26417/26413/18708/11652",6
"Organismal Systems","Endocrine system","mmu04910","Insulin signaling pathway","6/21","142/11212",0.0422535211267606,22.5593561368209,11.1996261053155,1.7226269826459e-07,3.77732663664523e-07,4.80631498011539e-08,"18706/11651/26417/26413/18708/11652",6
"Human Diseases","Infectious disease: viral","mmu05162","Measles","6/21","142/11212",0.0422535211267606,22.5593561368209,11.1996261053155,1.7226269826459e-07,3.77732663664523e-07,4.80631498011539e-08,"14281/18706/11651/16476/18708/11652",6
"Environmental Information Processing","Signal transduction","mmu04072","Phospholipase D signaling pathway","6/21","149/11212",0.0402684563758389,21.4995206136146,10.9118342103644,2.29231230310893e-07,4.96667665673602e-07,6.31965797849581e-08,"18706/11651/26417/26413/18708/11652",6
"Human Diseases","Cancer: specific types","mmu05226","Gastric cancer","6/21","150/11212",0.04,21.3561904761905,10.8723314638996,2.38506452771584e-07,5.10684404757979e-07,6.49800862040228e-08,"18706/11651/26417/26413/18708/11652",6
"Human Diseases","Infectious disease: viral","mmu05163","Human cytomegalovirus infection","7/21","255/11212",0.0274509803921569,14.6562091503268,9.55546430998829,2.56759617251893e-07,5.43375003951681e-07,6.91396766161769e-08,"18706/11651/26417/26413/18708/11652/12912",7
"Environmental Information Processing","Signal transduction","mmu04150","mTOR signaling pathway","6/21","158/11212",0.0379746835443038,20.2748643761302,10.5695748845341,3.24434902728319e-07,6.78702899960391e-07,8.63589577740231e-08,"18706/11651/26417/26413/18708/11652",6
"Human Diseases","Endocrine and metabolic disease","mmu04932","Non-alcoholic fatty liver disease","6/21","162/11212",0.037037037037037,19.7742504409171,10.4264472633765,3.76102584962964e-07,7.77848527991584e-07,9.89743644639378e-08,"14281/18706/11651/16476/18708/11652",6
"Human Diseases","Infectious disease: viral","mmu05160","Hepatitis C","6/21","164/11212",0.0365853658536585,19.5331010452962,10.3567993068258,4.04366780793421e-07,8.2690734948767e-07,1.05216666794267e-07,"18706/11651/26417/26413/18708/11652",6
"Cellular Processes","Transport and catabolism","mmu04140","Autophagy - animal","6/21","167/11212",0.0359281437125748,19.1822070145423,10.2546147536237,4.50020656598157e-07,9.10041772231829e-07,1.15794788832274e-07,"18706/11651/26417/26413/18708/11652",6
"Organismal Systems","Aging","mmu04211","Longevity regulating pathway","5/21","90/11212",0.0555555555555556,29.6613756613757,11.8256280902164,5.47803614609915e-07,1.09560722921983e-06,1.39406356523055e-07,"18706/11651/18708/11652/12912",5
"Organismal Systems","Excretory system","mmu04960","Aldosterone-regulated sodium reabsorption","4/21","38/11212",0.105263157894737,56.2005012531328,14.7648099771754,6.44146877026919e-07,1.27429056107499e-06,1.62142234491902e-07,"18706/26417/26413/18708",4
"Organismal Systems","Development and regeneration","mmu04360","Axon guidance","6/21","181/11212",0.0331491712707182,17.698500394633,9.81085127282924,7.22843832890748e-07,1.41459760845286e-06,1.79995068744725e-07,"18706/26417/26413/18708/12323/12322",6
"Cellular Processes","Cell growth and death","mmu04218","Cellular senescence","6/21","182/11212",0.032967032967033,17.6012558869702,9.78106752804268,7.46620525455577e-07,1.44558442162676e-06,1.83937867413468e-07,"18706/11651/26417/26413/18708/11652",6
"Environmental Information Processing","Signaling molecules and interaction","mmu04517","IgSF CAM signaling","7/21","300/11212",0.0233333333333333,12.4577777777778,8.7137725450467,7.71450730505927e-07,1.47793718896925e-06,1.88054471702276e-07,"18706/11651/26417/26413/11461/18708/11652",7
"Organismal Systems","Endocrine system","mmu04916","Melanogenesis","5/21","100/11212",0.05,26.6952380952381,11.1803115483414,9.27271216730175e-07,1.75795168171762e-06,2.23683846141051e-07,"26417/26413/12323/12912/12322",5
"Organismal Systems","Immune system","mmu04062","Chemokine signaling pathway","6/21","194/11212",0.0309278350515464,16.5125184094256,9.44124280272216,1.08567243192103e-06,2.0370348722642e-06,2.59194720588851e-07,"18706/11651/26417/26413/18708/11652",6
"Organismal Systems","Endocrine system","mmu04922","Glucagon signaling pathway","5/21","104/11212",0.0480769230769231,25.6684981684982,10.9481016259639,1.12724486634946e-06,2.09345475179185e-06,2.66373652628228e-07,"11651/11652/12323/12912/12322",5
"Human Diseases","Endocrine and metabolic disease","mmu04931","Insulin resistance","5/21","110/11212",0.0454545454545455,24.2683982683983,10.6233036572374,1.48951032472424e-06,2.73829170807891e-06,3.48423467771752e-07,"18706/11651/18708/11652/12912",5
"Human Diseases","Endocrine and metabolic disease","mmu04930","Type II diabetes mellitus","4/21","48/11212",0.0833333333333333,44.4920634920635,13.080311721263,1.67749306536119e-06,3.05303737895737e-06,3.88472078294171e-07,"18706/26417/26413/18708",4
"Organismal Systems","Digestive system","mmu04973","Carbohydrate digestion and absorption","4/21","49/11212",0.0816326530612245,43.5840621963071,12.9405293141479,1.8243848567056e-06,3.28750538535069e-06,4.18306064070071e-07,"18706/11651/18708/11652",4
"Organismal Systems","Endocrine system","mmu04928","Parathyroid hormone synthesis, secretion and action","5/21","116/11212",0.0431034482758621,23.0131362889984,10.3234549942894,1.93799250448254e-06,3.45798662564531e-06,4.39998298231329e-07,"14281/26417/26413/12912/13653",5
"Human Diseases","Infectious disease: viral","mmu05165","Human papillomavirus infection","7/21","358/11212",0.0195530726256983,10.43947858473,7.86306717682316,2.52073633026836e-06,4.45411662241593e-06,5.6674705432707e-07,"18706/11651/26417/26413/18708/11652/12912",7
"Human Diseases","Cancer: overview","mmu05203","Viral carcinogenesis","6/21","227/11212",0.026431718061674,14.1120201384519,8.64529627826455,2.71255658393808e-06,4.74697402189165e-06,6.04010575370829e-07,"18706/26417/26413/16476/18708/12912",6
"Environmental Information Processing","Signal transduction","mmu04152","AMPK signaling pathway","5/21","127/11212",0.0393700787401575,21.0198725159355,9.82862341085368,3.03173596682867e-06,5.2550090091697e-06,6.6865354656873e-07,"18706/11651/18708/11652/12912",5
"Organismal Systems","Endocrine system","mmu04923","Regulation of lipolysis in adipocytes","4/21","58/11212",0.0689655172413793,36.8210180623974,11.847698048211,3.61348211047917e-06,6.20428060478499e-06,7.89439984414515e-07,"18706/11651/18708/11652",4
"Organismal Systems","Aging","mmu04213","Longevity regulating pathway - multiple species","4/21","61/11212",0.0655737704918033,35.0101483216237,11.5375583733456,4.42842726757837e-06,7.53246507195574e-06,9.58439743105993e-07,"18706/11651/18708/11652",4
"Environmental Information Processing","Signal transduction","mmu04371","Apelin signaling pathway","5/21","140/11212",0.0357142857142857,19.0680272108844,9.3187806884844,4.89558622393605e-06,8.24996937737371e-06,1.04973583749116e-06,"11651/26417/26413/11652/13653",5
"Environmental Information Processing","Signal transduction","mmu04020","Calcium signaling pathway","6/21","255/11212",0.0235294117647059,12.5624649859944,8.09043859045721,5.3153110641104e-06,8.87510654741369e-06,1.12927902858936e-06,"14810/18212/14812/14811/12323/12322",6
"Environmental Information Processing","Signaling molecules and interaction","mmu04518","Integrin signaling","5/21","153/11212",0.0326797385620915,17.4478680361033,8.87349635156618,7.56052961117639e-06,1.25092399021282e-05,1.59169044445819e-06,"18706/11651/11461/18708/11652",5
"Human Diseases","Infectious disease: parasitic","mmu05140","Leishmaniasis","4/21","70/11212",0.0571428571428571,30.508843537415,10.7279566121313,7.69603225167274e-06,1.26187195477877e-05,1.60562076374396e-06,"14281/26417/26413/16476",4
"Human Diseases","Endocrine and metabolic disease","mmu04934","Cushing syndrome","5/21","162/11212",0.0308641975308642,16.4785420340976,8.59614623445876,9.99068607735312e-06,1.62348648756988e-05,2.06574336185873e-06,"26417/26413/12323/12912/12322",5
"Cellular Processes","Transport and catabolism","mmu04148","Efferocytosis","5/21","165/11212",0.0303030303030303,16.1789321789322,8.50860556360348,1.09238393239081e-05,1.75941482916041e-05,2.23870018748e-06,"26417/26413/12323/12912/12322",5
"Human Diseases","Infectious disease: bacterial","mmu05133","Pertussis","4/21","77/11212",0.051948051948052,27.7353123067409,10.1972458335623,1.12625405713018e-05,1.79805472278678e-05,2.28786604403176e-06,"14281/26417/26413/16476",4
"Environmental Information Processing","Signal transduction","mmu04022","cGMP-PKG signaling pathway","5/21","172/11212",0.0290697674418605,15.5204872646733,8.31300904021291,1.33673375712199e-05,2.11552646779306e-05,2.69182083814039e-06,"11651/26417/26413/11652/12912",5
"Organismal Systems","Immune system","mmu04658","Th1 and Th2 cell differentiation","4/21","88/11212",0.0454545454545455,24.2683982683983,9.49237114438201,1.91490704862024e-05,3.00442312800762e-05,3.82286343644695e-06,"14281/26417/26413/16476",4
"Human Diseases","Cancer: specific types","mmu05222","Small cell lung cancer","4/21","94/11212",0.0425531914893617,22.7193515704154,9.15998627658442,2.48598423414481e-05,3.86708658644748e-05,4.92052659929697e-06,"18706/11651/18708/11652",4
"Human Diseases","Infectious disease: viral","mmu05171","Coronavirus disease","6/21","338/11212",0.0177514792899408,9.47759932375317,6.8554181232871,2.65531206528687e-05,4.09548132103568e-05,5.21113875435424e-06,"14281/18706/26417/26413/16476/18708",6
"Organismal Systems","Immune system","mmu04657","IL-17 signaling pathway","4/21","97/11212",0.0412371134020619,22.0166912125675,9.00518942776622,2.81428188569993e-05,4.30419582518812e-05,5.4767095520034e-06,"14281/26417/26413/16476",4
"Organismal Systems","Immune system","mmu04659","Th17 cell differentiation","4/21","105/11212",0.0380952380952381,20.3392290249433,8.62447754837571,3.84508156425235e-05,5.83170703911607e-05,7.42033284329402e-06,"14281/26417/26413/16476",4
"Human Diseases","Infectious disease: parasitic","mmu05145","Toxoplasmosis","4/21","109/11212",0.036697247706422,19.5928352992573,8.44959857787092,4.45319099113308e-05,6.69818810236547e-05,8.52285357154657e-06,"11651/26417/26413/11652",4
"Human Diseases","Infectious disease: viral","mmu05169","Epstein-Barr virus infection","5/21","228/11212",0.0219298245614035,11.7084377610693,7.07637197734653,5.19026669040163e-05,7.74285686600899e-05,9.85210243216876e-06,"18706/11651/16476/18708/11652",5
"Human Diseases","Substance dependence","mmu05033","Nicotine addiction","3/21","40/11212",0.075,40.0428571428571,10.7152793973437,5.35137304010526e-05,7.9182918154403e-05,1.00753279317343e-05,"14810/14812/14811",3
"Organismal Systems","Immune system","mmu04650","Natural killer cell mediated cytotoxicity","4/21","116/11212",0.0344827586206897,18.4105090311987,8.16497040910415,5.682905655283e-05,8.34103894565731e-05,1.06132363681007e-05,"18706/26417/26413/18708",4
"Cellular Processes","Cell growth and death","mmu04114","Oocyte meiosis","4/21","123/11212",0.032520325203252,17.3627564847077,7.90424160969259,7.14434184617603e-05,0.000104021617280323,1.32358333150209e-05,"26417/26413/12323/12322",4
"Organismal Systems","Sensory system","mmu04750","Inflammatory mediator regulation of TRP channels","4/21","130/11212",0.0307692307692308,16.4278388278388,7.66416899257108,8.86290761313106e-05,0.000128019776634115,1.62893874259719e-05,"18706/18708/12323/12322",4
"Human Diseases","Neurodegenerative disease","mmu05016","Huntington disease","5/21","308/11212",0.0162337662337662,8.66728509585652,5.91046193534743,0.000214520183635752,0.000307422625367771,3.91168175713763e-05,"14810/14812/12064/12912/13385",5
"Environmental Information Processing","Signal transduction","mmu04630","JAK-STAT signaling pathway","4/21","171/11212",0.0233918128654971,12.489000278474,6.55803101120493,0.000255259137545696,0.000362946586197787,4.61817518585963e-05,"18706/11651/18708/11652",4
"Organismal Systems","Digestive system","mmu04971","Gastric acid secretion","3/21","75/11212",0.04,21.3561904761905,7.6619692314306,0.000350642689784939,0.000494705190239216,6.29468720952155e-05,"11461/12323/12322",3
"Human Diseases","Infectious disease: bacterial","mmu05100","Bacterial invasion of epithelial cells","3/21","77/11212",0.038961038961039,20.8014842300557,7.55258065612247,0.000378938361044811,0.000530513705462736,6.75031898217478e-05,"18706/11461/18708",3
"Organismal Systems","Endocrine system","mmu04911","Insulin secretion","3/21","86/11212",0.0348837209302326,18.624584717608,7.10715793203817,0.000524436817641914,0.000728606876418537,9.27087986189001e-05,"12323/12912/12322",3
"Human Diseases","Infectious disease: viral","mmu05168","Herpes simplex virus 1 infection","4/21","215/11212",0.0186046511627907,9.93311184939092,5.72904541438775,0.000608992696801583,0.000839671748620365,0.000106840824000278,"18706/11651/18708/11652",4
"Cellular Processes","Cellular community - eukaryotes","mmu04520","Adherens junction","3/21","92/11212",0.0326086956521739,17.4099378881988,6.84614089994493,0.000638897039338837,0.000874280159095251,0.000111244438982623,"26417/26413/11461",3
"Organismal Systems","Endocrine system","mmu04925","Aldosterone synthesis and secretion","3/21","104/11212",0.0288461538461538,15.4010989010989,6.39133737359522,0.000913178909065572,0.00124028777201443,0.000157815679492872,"12323/12912/12322",3
"Organismal Systems","Immune system","mmu04670","Leukocyte transendothelial migration","3/21","119/11212",0.0252100840336134,13.4597839135654,5.91911612781013,0.00134852452509374,0.00181801084123748,0.000231325844460524,"18706/11461/18708",3
"Human Diseases","Cancer: specific types","mmu05216","Thyroid cancer","2/21","37/11212",0.0540540540540541,28.8597168597169,7.35277320189548,0.00213910884525956,0.00286263095468559,0.000364244540214476,"26417/26413",2
"Human Diseases","Cancer: overview","mmu05206","MicroRNAs in cancer","4/21","318/11212",0.0125786163522013,6.71578316861336,4.47912307098696,0.00259370903985006,0.00344565726461832,0.000438429495787178,"18706/26417/26413/18708",4
"Human Diseases","Cancer: specific types","mmu05219","Bladder cancer","2/21","41/11212",0.048780487804878,26.0441347270616,6.95903962964459,0.00262188667566572,0.00345785054326928,0.000439980982949243,"26417/26413",2
"Environmental Information Processing","Signal transduction","mmu04310","Wnt signaling pathway","3/21","179/11212",0.0167597765363128,8.94812450119712,4.64346037194278,0.00430668175649515,0.00563896460202963,0.000717508509222972,"16476/12323/12322",3
"Human Diseases","Neurodegenerative disease","mmu05014","Amyotrophic lateral sclerosis","4/21","379/11212",0.0105540897097625,5.63487875361226,3.97631688035949,0.00487206799183432,0.00633368838938462,0.000805905983611693,"14810/11461/14812/14811",4
"Organismal Systems","Nervous system","mmu04730","Long-term depression","2/21","60/11212",0.0333333333333333,17.7968253968254,5.65098075595453,0.00553959917023251,0.00711042417038708,0.000904738760835835,"26417/26413",2
"Environmental Information Processing","Signaling molecules and interaction","mmu04082","Neuroactive ligand signaling","3/21","196/11212",0.0153061224489796,8.17201166180758,4.38787689765052,0.00554769358348882,0.00711042417038708,0.000904738760835835,"14810/14812/14811",3
"Organismal Systems","Immune system","mmu04621","NOD-like receptor signaling pathway","3/21","212/11212",0.0141509433962264,7.55525606469003,4.17405939560304,0.00689454692596509,0.00877487790577375,0.00111652581797005,"26417/26413/16476",3
"Organismal Systems","Endocrine system","mmu04920","Adipocytokine signaling pathway","2/21","72/11212",0.0277777777777778,14.8306878306878,5.0999369577144,0.00789228130325967,0.00997496664717542,0.00126922652537802,"11651/11652",2
"Cellular Processes","Cellular community - eukaryotes","mmu04540","Gap junction","2/21","86/11212",0.0232558139534884,12.4163898117386,4.60368778645187,0.0111095273110557,0.0139443722111182,0.00177429837272759,"26417/26413",2
"Human Diseases","Immune disease","mmu05323","Rheumatoid arthritis","2/21","87/11212",0.0229885057471264,12.2736726874658,4.57269688595217,0.0113581629395472,0.0141588058561479,0.00180158316272558,"14281/16476",2
"Environmental Information Processing","Signal transduction","mmu04070","Phosphatidylinositol signaling system","2/21","96/11212",0.0208333333333333,11.1230158730159,4.31487919432203,0.0137055569484519,0.0169687847933214,0.00215912819810914,"18706/18708",2
"Human Diseases","Infectious disease: parasitic","mmu05146","Amoebiasis","2/21","107/11212",0.0186915887850467,9.97952825990209,4.04281161501004,0.0168357355440112,0.0207034045203381,0.00263432561855082,"18706/18708",2
"Environmental Information Processing","Signal transduction","mmu04350","TGF-beta signaling pathway","2/21","112/11212",0.0178571428571429,9.53401360544218,3.93186165607407,0.0183505449361389,0.0224147595864247,0.00285208045634091,"26417/26413",2
"Cellular Processes","Transport and catabolism","mmu04145","Phagocytosis","3/21","306/11212",0.00980392156862745,5.234360410831,3.2532179725277,0.0186014379733667,0.0225697447410183,0.00287180095027416,"18706/11461/18708",3
"Organismal Systems","Nervous system","mmu04726","Serotonergic synapse","2/21","137/11212",0.0145985401459854,7.79423010079944,3.46597992531523,0.0267430039972031,0.0322332895860329,0.00410140179810714,"26417/26413",2
"Human Diseases","Endocrine and metabolic disease","mmu04936","Alcoholic liver disease","2/21","141/11212",0.0141843971631206,7.57311719013847,3.40239617901352,0.0282068814846641,0.033774029146111,0.0042974473176081,"11651/11652",2
"Organismal Systems","Circulatory system","mmu04270","Vascular smooth muscle contraction","2/21","144/11212",0.0138888888888889,7.41534391534391,3.35632485977948,0.0293257951799187,0.0348842792336287,0.0044387168486977,"26417/26413",2
"Human Diseases","Immune disease","mmu05322","Systemic lupus erythematosus","2/21","150/11212",0.0133333333333333,7.11873015873016,3.2680408695175,0.0316167042516385,0.0373651959337546,0.00475439161678775,"14812/14811",2
"Organismal Systems","Nervous system","mmu04723","Retrograde endocannabinoid signaling","2/21","154/11212",0.012987012987013,6.93382807668522,3.21184369846404,0.0331826133477616,0.0389628105115653,0.0049576739806503,"26417/26413",2
"Environmental Information Processing","Signal transduction","mmu04390","Hippo signaling pathway","2/21","158/11212",0.0126582278481013,6.75828812537673,3.15761794014304,0.0347788491784504,0.0405753240415255,0.00516285210476322,"11461/13385",2
"Environmental Information Processing","Signaling molecules and interaction","mmu04080","Neuroactive ligand-receptor interaction","3/21","394/11212",0.00761421319796954,4.06526468455402,2.68311927888485,0.035812161597216,0.0415147350999574,0.00528238387622361,"14810/14812/14811",3
"Cellular Processes","Cellular community - eukaryotes","mmu04530","Tight junction","2/21","169/11212",0.0118343195266272,6.31839954916878,3.01771452305397,0.0393208596252039,0.0452936484290324,0.00576321726685201,"16476/11461",2
"Environmental Information Processing","Signaling molecules and interaction","mmu04519","Cadherin signaling","3/21","414/11212",0.0072463768115942,3.86887508626639,2.57654376531304,0.0405797413097727,0.0464497667822555,0.00591032313018867,"26417/26413/11461",3
"Cellular Processes","Cell growth and death","mmu04217","Necroptosis","2/21","177/11212",0.0112994350282486,6.03282216841539,2.92354259245741,0.0427601026675623,0.0486396167843522,0.00618896222819981,"12323/12322",2
